{"cameraMode":{"drawMode":0,"name":"Shaded","section":"Shading Mode"},"sceneLighting":false,"audioPlay":false,"sceneViewState":{"m_AlwaysRefresh":false,"showFog":true,"showSkybox":false,"showFlares":true,"showImageEffects":true,"showParticleSystems":true,"showVisualEffectGraphs":true,"m_FxEnabled":true},"in2DMode":false,"pivot":{"x":2.8069636821746828,"y":-0.36268001794815066,"z":0.2728081941604614},"rotation":{"x":0.10853968560695648,"y":0.5830512046813965,"z":-0.07927549630403519,"w":0.8012447357177734},"size":2.5756211280822756,"orthographic":false}